name,description,category,price
Java Square Blend Beans,,Coffee Beans,13.95
Bottled Water,,Cold drinks,1.00
Can Soda,,Cold drinks,1.00
Dirty Soda,,Cold drinks,4.29
Fredda,,Cold drinks,3.95
Fredda,,Cold drinks,4.43
Fredda,,Cold drinks,4.95
Gallon of tea,,Cold drinks,15.50
Hibiscus Mint Tea,,Cold drinks,2.35
Hibiscus Mint Tea,,Cold drinks,2.55
Hibiscus Mint Tea,,Cold drinks,2.75
Iced Americano,,Cold drinks,2.65
Iced Americano,,Cold drinks,3.15
Iced Americano,,Cold drinks,3.65
Iced Cafe Au Lait,,Cold drinks,2.35
Iced Cafe Au Lait,,Cold drinks,2.85
Iced Cafe Au Lait,,Cold drinks,2.60
Iced Chai,,Cold drinks,2.35
Iced Chai,,Cold drinks,3.95
Iced Chai,,Cold drinks,4.45
Iced Cold Brew,,Cold drinks,2.49
Iced Cold Brew,,Cold drinks,2.99
Iced Cold Brew,,Cold drinks,3.49
Iced Gelato,,Cold drinks,3.20
Iced Gelato,,Cold drinks,3.70
Iced Gelato,,Cold drinks,4.10
Iced Latte,,Cold drinks,3.07
Iced Latte,,Cold drinks,3.57
Iced Latte,,Cold drinks,4.07
Iced Macchiato,,Cold drinks,3.40
Iced Macchiato,,Cold drinks,3.90
Iced Macchiato,,Cold drinks,4.40
Iced Mocha,,Cold drinks,3.25
Iced Mocha,,Cold drinks,3.75
Iced Mocha,,Cold drinks,4.15
Iced Tea,,Cold drinks,2.15
Iced Tea,,Cold drinks,2.35
Iced Tea,,Cold drinks,2.65
Juice,,Cold drinks,1.69
La Croix Sparkling Water,,Cold drinks,1.00
Lemonade,,Cold drinks,2.00
Lemonade,,Cold drinks,2.75
Lemonade,,Cold drinks,2.45
Matcha Fredda,,Cold drinks,3.42
Matcha Fredda,,Cold drinks,3.92
Matcha Fredda,,Cold drinks,4.40
Milk,,Cold drinks,1.60
Milk,,Cold drinks,1.85
Milk,,Cold drinks,1.99
Milkshake,,Cold drinks,3.10
Milkshake,,Cold drinks,3.72
Milkshake,,Cold drinks,3.99
Ocean Breeze,,Cold drinks,5.16
Passion Lemonade,,Cold drinks,2.60
Passion Lemonade,,Cold drinks,3.05
Passion Lemonade,,Cold drinks,3.60
S.Pellegrino Sparkling Water,,Cold drinks,1.65
Smoothie,,Cold drinks,3.75
Smoothie,,Cold drinks,4.25
Smoothie,,Cold drinks,4.75
10 Inch Dough Bowl Candle,"This is a 10-12 oz candle. The entire candle is handmade, down to the bowl which is hand carved by artists.
Hansel & Gretel - A sweet base of vanilla frosting and Tonka Bean supports mid notes of cinnamon sticks, nutmeg, and graham crackers, with top notes of bergamot and cherry.
Pumpkin Souffle - This fragrance is so good the description just doesn't do it justice! A rich pumpkin flavor blended with a fruity bouquet of cherry and mimosa as well as fresh nutmeg, clove, and cinnamon finished off with nuances of caramel, sweet brown sugar, and vanilla.
Creme Brule - This one smells like a rich, creamy French coffee blend
Mahogany Teakwood - Green, citrus, and fruity top notes with floral noes of jasmine, rose, and lily enhanced by sweet woody and musky base notes.
Creamy Vanilla - A rich and creamy blend of coconut and berries with mid notes of soft butter and mimosa all on a bed of sweet vanilla and warm Tonka Bean.",Faire,29.99
17 OZ Large Coffee Mugs with lid and Removeable Cork Base,"„Äê17 OZ Coffee Mug„Äë  The  coffee mug has a large capacity of 17 oz, large coffee mug perfect for coffee, tea, cocoa, soups, mocha, cappuccino, hot chocolate, or all types of daily drinks.
„ÄêRemovable Cork Base„ÄëOur ceramic coffee mugs have a removable cork base. It can be easily removed and the coffee mug can be washed in the dishwasher or heated in the microwave. After cleaning, assemble the cork to the bottom of the mug and continue to use it.
„ÄêLarge Comfortable Handle„ÄëOur uniquely designed large handle coffee mug allows you to hold your coffee more comfortably and enjoy your coffee to the fullest.
„ÄêSplash Proof Lid„ÄëCeramic coffee mug with lid, the splash-proof lid prevents liquid from splashing, but not from spilling. If you flip a full coffee cup or invert the cup, the liquid will leak.
„ÄêGreat Gift„ÄëThe matte  finish and cork bottom of this ceramic coffee mug make it the perfect option of gift giving for man or woman. Whether it is a Birthd",Faire,15.00
18oz Glass Tumbler  - Live Well,"G2828.
Glass Silicone Bamboo Plastic",Faire,variable
18oz Glass Tumbler  - Live Well,,Faire,19.95
20oz Tall Mug with Flip Lid,"The double-wall vacuum-insulated walls give you a worry-free mind knowing your beverages are kept icy cold or piping hot for hours.  Made of lightweight 18/8 food-grade stainless steel that is non-leaching and will not retain taste or odor. The double-wall technology prevents condensation on the outside for those hot sunny days while keeping the heat within the inner wall so you don‚Äôt have to worry about burning your hand while holding your mug.

The 20oz tall mug is perfect to use as your everyday coffee cup and is designed to fit in most car cup holders. The easy-grip handle makes it convenient for you to hold while on the go and the double-wall vacuum-insulated technology ensures your hot beverage will stay piping hot and your cold beverages will stay icy cold until the next refill.

The 20oz tall mug includes a screw-on flip lid with a flipping mechanism that clicks in place to keep it splashproof. It has a silicone ring that ensures a snug fit retaining the beverages‚Äô ideal tempe",Faire,28.00
3 oz. Yogurt Pretzels,"Crunchy, salty pretzels are smothered in a sweet vanilla yogurt coating creating a perfectly indulgent snack. Reach for these when you're craving a salty-sweet option any time of the day. Add to your favorite trail mix, mix them with some nuts, or enjoy on their own!",Faire,2.25
"4.5 oz. Cherries, Berries & Nuts","Nationally recognized for quality and flavor, this fruit and nut mix is the ultimate balanced pairing of sweet and salty. Roasted and salted buttery cashews, premium almonds, and crunchy pecan halves pair with 100% Michigan-grown dried cherries and tart cranberries for a game-changing snacking experience. See what everyone's talking about with this crowd favorite!",Faire,variable
"4.5 oz. Cherries, Berries & Nuts",,Faire,4.15
5.5 oz. Cranberry Crunch,"Blanched roasted and salted peanuts, almonds mix with seedless raisins, dried tart cranberries, and sweet yogurt-covered raisins for the perfect combination of crunchy and sweet. Simply irresistible, you'll be wishing you bought twice as much! Mix it up and add some crunch to your yogurt!",Faire,3.15
750ml Double-Wall Vacuum-Insulated Wine Growlers w/Flat Top,"The double-wall vacuum-insulated walls give you a worry-free mind knowing your favorite wines are kept at their optimal temperature. Made of lightweight 18/8 food-grade stainless steel that is non-leaching and will not retain taste or odor. The double-wall technology prevents condensation on the outside of the growler so you don‚Äôt have to worry about ruining your attire while carrying it by your side.

The wine growler is the ideal traveling companion for transporting your favorite wine or spritzer. With its sleek and narrow design, you can enjoy your elegant social event knowing your growler won't be an eyesore on the beverage table. Holding a full bottle of wine it is ideal to use for sharing with the bridal party or hosting a springtime brunch. The vacuum-insulated walls ensure your wine is kept at its optimal temperature amid each pour. The double-wall technology prevents sweating on the outside of the bottle, so you don't have to worry about it leaving a water ring on your table.",Faire,13.95
AIN'T NO MAMA,"Greeting: ""AIN'T NO MAMA LIKE THE ONE I GOT"" (Blank Inside)
Printing: Orange Gloss Foil
Card size: 5.5"" x 4.25"", Folded
Paper: thick colored stock with coordinating A2 envelope",Faire,7.45
AMAZING MAN & FATHER,"Greeting: ""You're an Amazing Man and One Helluva Father"" (Blank Inside)
Printing: Gold Foil
Card size: 5.5"" x 4.25"", Folded
Paper: thick colored stock with coordinating A2 envelope",Faire,5.95
Bamboo Travel Mugs,,Faire,18.75
Be a Nice Human Vinyl Sticker,"If only humans could be as amazing as our dogs. This sticker is a good reminder to all of us...just be nice!
Our stickers are printed on a premium vinyl here is the USA. Each one is coated with a protective laminate that makes them durable & resistant to fading, scratching, tearing, and moisture.
Sticker measures 2 1/2"" wide x 2 1/2"" tall",Faire,3.00
"Be Kind, It's Free Positivity Lettering Sticker","Be Kind, It's Free Positivity Lettering Sticker. Great to decorate water bottles, laptops, phone cases, coolers, car windows, journals, notebooks, planners, bikes, skateboards, kayaks, and more. This positivity sticker can be found in our Positivity Collection, and makes a wonderful gift or positive reinforcement for yourself!


Details:

‚Ä¢3 x 1.87 inches
‚Ä¢ Made in the U.S.A.
‚Ä¢ High quality and durable vinyl, indoor and outdoor use
‚Ä¢ Waterproof and weatherproof


We are partnered with ActiveMinds.Org to help spread mental health awareness.",Faire,3.00
Blueberry Banana Nut Mix¬†4.5 oz.,"Dried cranberries and blueberries pair perfectly with crunchy banana chips for a burst of fruity flavor balanced with roasted cashews, blanched peanuts, and almonds. Fell transported far away to the sands of an island with a light breeze and plentiful sunshine in every bite.

Shelf life: 6 months
Ingredients: Dried Cranberries (Cranberries, Sugar, Sunflower Oil), Almonds, Peanuts, Cashews, Dried Blueberries (Blueberries, Sugar, Sunflower Oil), Banana Chips (Bananas, Vegetable Oil, Sugar, Natural Banana Flavor), Peanut Oil, Salt",Faire,2.50
Camper 12oz. Mug,"Our Custom printed 12 ounce enamel mugs our great for souvenirs, special events or the kitchen/dining room. These cups are great additions to gift baskets. Available in white with black lip, yellow, red, blue or pink. Please specify color when ordering 8 cup minimum order. Discounts available for volume orders. All mugs are designed, printed and shipped from the USA.",Faire,16.00
CAP & GOWN,"""CAP & GOWN IT'S ABOUT TO GO DOWN!""
Printing: BLACK METALLIC FOIL
Card size: 5.5"" x 4.25"", Folded, BLANK INSIDE WITH COORDINATING ENVELOPE",Faire,6.00
Cherry Thank you Card,,Faire,4.50
Chocolate Bar Bourbon Pecan Pie,,Faire,3.64
Chocolate Bar Mint Choc Chip 2.25oz,"Dark Chocolate with Mint creme center.

Shelf life- 5 months guaranteed from receipt of goods.",Faire,3.64
Chocolate Bar Peanut Butter Cup,,Faire,3.64
Chocolate Bar Sea Side Caramel,,Faire,3.64
Chocolate Pretzels,,Faire,2.95
Choose Kindness Multicolor Lettering Sticker,"This aesthetic sticker will surely add character to your phone, laptop, water bottle, and much more!
Details:
‚Ä¢3.3 x 1.68 inches
‚Ä¢ Printed and shipped with care from the U.S.A.
‚Ä¢ High quality and durable vinyl, indoor and outdoor use
‚Ä¢ Waterproof and weatherproof We are partnered with ActiveMinds.Org to help spread mental health awareness.",Faire,3.00
Christmas Marble Holiday Card,"Greeting: ""Merry Christmas"" (Blank Inside).
Printing: Full Color with Gold Foil.
Card size: 5.5"" x 4.25"", Folded.
Paper: Natural White Stock with coordinating A2 envelope.
(Boxed set of 6).",Faire,20.00
Clawhammer Certified Organic Mints - Strong Peppermint,"Our Clawhammer Organic Mints will satisfy the most discerning mint lover.  They're made with organic cane sugar and the highest quality natural flavors to deliver intense taste and breath freshening with no artificial colors, flavors or sweeteners.  All are USDA and Canada Organic certified.  Available in four great flavors:

As seen here:  Strong Peppermint",Faire,variable
Clawhammer Certified Organic Mints - Strong Peppermint,,Faire,2.99
Coffee & Plants Sticker,"A sticker for when someone asks what your love languages are üòâ

This Coffee and Plants Sticker is a necessary addition to your laptop, water bottle, or journal. Made for those who love their morning latte and can always talk themselves into just *one more* leafy friend

‚Ä¢ Size: 4.22 x 1""
‚Ä¢ Durable weatherproof vinyl sticker

Note: Colors may vary slightly from device screen to printed item.",Faire,4.00
Coffee Date Greeting Card,"Give the gift of your time with this coffee date greeting card. Use it as an invitation to catch up with a friend; old or new.
It's a way to say thank you for a kind gesture, say congratulations on a great milestone, or celebrate life's moments - birthdays, graduations, a new career, or just because.
‚Ä¢ Four spacious lines for your personal message
‚Ä¢ Size: A2 folded, 4.25 x 5.5 inches
‚Ä¢ Individually packaged in a clear sleeve, ready to display
‚Ä¢ Kraft envelope included
‚Ä¢ High-quality, heavyweight paper
‚Ä¢ Professionally printed in Omaha, NE",Faire,4.50
Coffee is my Love Language Sticker,"Great to decorate water bottles, laptops, phone cases, coolers, car windows, journals, notebooks, planners, bikes, skateboards, kayaks, and more.
Design: Anna Alsup.
Instagram:¬†@anna_alsup
2.7 x 4 inches.
High quality and durable vinyl, indoor and outdoor use.
Waterproof and weatherproof.
We are partnered with ActiveMinds.Org to help spread mental health awareness.",Faire,variable
Coffee is my Love Language Sticker,,Faire,3.00
Coffee is My Love Language Sticker,"‚Ä¢ Size: 3 x 1.1""
‚Ä¢ Durable weatherproof vinyl sticker

Note: Colors may vary slightly from device screen to printed item.",Faire,3.00
Coffee Pray Repeat,"""This sticker makes a great gift to any person who holds a strong faith! This sticker is part of our Faith Sticker Collection.
Details:2.74 x 3 inches printed and shipped with care from the U.S.A. High quality and durable vinyl, indoor and outdoor use waterproof and weatherproof We are partnered with ActiveMinds.Org to help spread mental health awareness.
""",Faire,variable
Coffee Pray Repeat,,Faire,3.00
Coffee Teach Repeat,"Teachers can't mold the minds of the future without coffee right? This vinyl sticker is a part of our teacher stickers collection.
Details: 3 x 2.15 inches printed and shipped with care from the U.S.A. High quality and durable vinyl, indoor and outdoor use, waterproof and weatherproof we are partnered with activeminds.org to help spread mental health awareness.",Faire,variable
Coffee Teach Repeat,,Faire,3.00
Cookie Dough Milk Chocolate Candy Bar  2.25oz,"Just like baking fresh cookies, without the mess! This sweet milk chocolate Cookie Dough candy bar is loaded with a delicious cookie dough filling.
Size. 2.25 oz.",Faire,3.64
Cool chick card,,Faire,4.50
Country Mix,,Faire,2.65
Custom City State Sticker,"Custom City State Sticker, show some hometown love! This is a local best seller. Each sticker is approx 3inches and comes individually packaged, ready for display.
Individually Packaged
Weatherproof & UV Resistant
Free Graphic Design-Work directly with our designer
Stickers will have a UV layer that is 3.2mil thick
Fade-resistant, scratch-resistant
Peel here tab
3M backer, water-resistant adhesive",Faire,4.50
Custom company logo coffee beer glass can,"Great looking glass perfect for your coffee shop, available to fully customize for your shop or brand! Please send logo or image via message as an attachment- if too large email Hello@nreales.com",Faire,26.00
Custom State & City Mug,"‚òÅÔ∏è Oversized 15-ounce size
‚òÅÔ∏è Microwave safe; dishwasher safe
‚òÅÔ∏è Ceramic
‚òÅÔ∏è White and glossy
‚òÅÔ∏è Mug artwork is inkjet printed, using special dye-sublimation inks. The print becomes a part of the mug!
‚òÅÔ∏è Send Me a Dream Mugs are Made to Order",Faire,variable
Custom State & City Mug,,Faire,20.00
Daily Schedule Notepad,"55 tear-off, sturdy pages.
8.5 x 11 inches.
Undated; fill in each week accordingly.
Cream, birch paper with black ink .
Vintage-inspired typography.
Professionally printed and bound in Omaha, NE.",Faire,15.00
Dog years mug,,Faire,12.00
Dogs People Sticker,"Show your support for man's best friend with this dogs > people sticker!
Details:
3.15"" x 1"".
Water and weather resistant.
High quality and durable.
High-quality vinyl stickers - Our stickers are perfect as water bottle stickers, skateboard stickers, laptop stickers and more.",Faire,3.00
Each Day is a Fresh Start Sticker,"‚Ä¢ Size: 3 x 2.46""
‚Ä¢ Durable weatherproof vinyl sticker

Note: Colors may vary slightly from device screen to printed item.",Faire,3.00
Everyday Gummy Bears 7oz,"Bear gummies gift bag 7oz 15/cs 
Sweet & bright and oh so nice! You'll love our NEW everyday Gummi Bears.",Faire,4.80
Everything‚Äôs ok card,,Faire,4.50
"Ew, David Sweater Sticker","Great to decorate water bottles, laptops, phone cases, coolers, car windows, journals, notebooks, planners, bikes, skateboards, kayaks, and more.
Illustration by @kayla_writesstuff
2.8 x 3 inches.
High quality and durable vinyl, indoor and outdoor use.
Waterproof and weatherproof.
We are partnered with ActiveMinds.Org to help spread mental health awareness.",Faire,3.00
Extra Birthday,"Greeting: ""Have a Very Extra Birthday!"" (Blank Inside)
Printing: Silver Hologram Foil
Card size: 5.5"" x 4.25"", Folded
Paper: thick colored stock with coordinating A2 envelope",Faire,5.50
"Father‚Äôs Day Doesn‚Äôt Suck, Mom/Dad Card","Greeting: ""Hope Your Father's Day Doesn't Suck"" (Blank Inside).
Printing: Black Foil.
Card size: 5.5"" x 4.25"", Folded.
Paper: thick colored stock with coordinating A2 envelope.",Faire,6.00
Foragers Mix (Raw)¬†5 oz.,"An energizing snack made for adventure- this mix has it all! Juicy raisins, crunchy sunflower seeds, pumpkin seeds, cashews, and almonds all blend together into a mix that will get you to the top of the mountain! Enjoy this roasted, un-salted mix of nuts and seeds on the go, at home, or where-ever life takes you!
Shelf life: 6 months
Ingredients: Raisins (Raisins, Sunflower Oil), Cashews, Almonds, Sunflower Seeds, Pumpkin Seeds, Peanut Oil.",Faire,3.70
Frother for Perfect Latte Prep,"This nifty re-chargable milk frother is hands down our favorite way to prep¬†Clevr! Why? Let us count the ways:


* No clean up‚Äîjust rinse under running water after use.
* Amazing texture‚Äîmakes¬†a¬†smooth, creamy latte¬†+¬†perfect microfoam, every time.
* Mixes fast‚Äîzero to latte in 10 seconds.
* Adventure ready‚Äîthe perfect cup,¬†wherever you are! Camping, road-trips, travel, or at your desk.
* No batteries needed‚ÄîUSB re-chargable for the win!
To prepare: add your Clevr latte blend and hot water to a mug. Froth for 10 seconds, or until latte is smooth. Sip and smile!

Prep Tips:

* Make sure your cup¬†is big enough so the¬†latte¬†has room to froth without spilling over! Around 1/2 full should be perfect.
* If using¬†a smaller cup, just froth with half your water, then add the remaining water.
* For extra fancy prep: we sometimes like to froth our lattes in a barista jug, then pour into a mug. Totally unnecessary, but¬†makes you feel posh.",Faire,17.98
Galentine's Day Greeting Card | Valentine's Day,"‚Ä¢ Size: A2 folded, 4.25 x 5.5 inches
‚Ä¢ Individually packaged in a clear sleeve, ready to display
‚Ä¢ Kraft envelope included
‚Ä¢ Blank on the inside
‚Ä¢ High-quality, heavyweight paper
‚Ä¢ Professionally printed in Omaha, NE",Faire,5.00
Give Yourself Grace Sticker,"‚Ä¢ Size: 4.34 x 1""
‚Ä¢ Durable weatherproof vinyl sticker

Note: Colors may vary slightly from device screen to printed item.",Faire,4.00
Gls Bottle - Wander,"F3740.
Bamboo Glass Silicone. Hand Wash Only.",Faire,variable
Gls Bottle - Wander,,Faire,20.00
Gobble Wobble,"Greeting: ""Gobble til ya Wobble"" (Blank Inside).
Printing: Full Color with Copper Foil
Card size: 5.5"" x 4.25"", Folded.
Paper: Natural White Stock with coordinating A2 envelope.",Faire,5.50
Gonna Be OK,"Greeting: ""Everything's Gonna Be OK"" (Blank Inside).
Printing: White Pigment Foil
Card size: 4.25"" x 5.5"" Folded
Paper: thick colored stock with coordinating A2 envelope.",Faire,5.50
Good News I'm Still Not Bored of You Greeting Card,"This funny greeting card gets right to the point. Perfect for an anniversary, Valentine's Day or just because. Lots of room to write your own sentimental note inside.
‚Ä¢ Size: A2 folded, 4.25 x 5.5 inches
‚Ä¢ Individually packaged in a clear sleeve, ready to display
‚Ä¢ Kraft envelope included
‚Ä¢ Blank on the inside
‚Ä¢ High-quality, heavyweight paper
‚Ä¢ Professionally printed in Omaha, NE",Faire,4.50
Gummi Bears 7 oz.,You won't be able to get enough of these bear-shaped gummies in 12 assorted fruity flavors. Transport yourself back to childhood with every juicy bite!,Faire,2.92
Handsome Devil Birthday,"Greeting: ""Happy Birthday you Handsome Devil"" (Blank Inside)
Printing: Silver Mirror Foil
Card size: 5.5"" x 4.25"", Folded
Paper: thick colored stock with coordinating A2 envelope",Faire,5.50
Happy Birthday Bestie,,Faire,4.50
HAPPY BIRTHDAY HONEY,"Greeting: ""Happy Birthday Honey"" (Blank Inside)
Printing: Gold Foil
Card size: 5.5"" x 4.25"", Folded
Paper: thick colored stock with coordinating A2 envelope",Faire,6.00
Happy Birthday Lady Card,"Greeting: ""Happy Birthday Lady"" (Blank Inside).
Printing: Red Pigment.
Card size: 5.5"" x 4.25"", Folded.
Paper: thick colored stock with coordinating A2 envelope.",Faire,5.00
Happy Valentine's Day Greeting Card,"Tell that special someone Happy Valentine‚Äôs Day with this greeting card. Your Valentine deserves to know how loved they are. Pair this card with a bouquet, a box of chocolates and a romantic dinner and your significant other will love it. Card is perfect for your husband, wife, boyfriend or girlfriend.

‚Ä¢ Size: A2 folded, 4.25 x 5.5 inches
‚Ä¢ Individually packaged in a clear sleeve, ready to display
‚Ä¢ Kraft envelope included
‚Ä¢ Blank on the inside
‚Ä¢ High-quality, heavyweight paper
‚Ä¢ Professionally printed in Omaha, NE",Faire,5.00
Hey Birthday Girl Card,"Greeting: ""Hey Birthday Girl!"" (Blank Inside).
Printing: White pigment.
Card size: 5.5"" x 4.25"", Folded.
Paper: thick colored stock with coordinating A2 envelope.",Faire,5.00
I Choose You Greeting Card | Anniversary or Valentine's Day,"This card is perfect for the one you choose to love everyday.  Say I love you to your husband or wife by saying I choose you ‚Äî and choose this thoughtful card for your person. A simple, elegant design lets the words be the focus of this intentional card.. Ideal for wedding, Valentine's Day, anniversary, or just because.

‚Ä¢ Size: A2 folded, 4.25 x 5.5 inches
‚Ä¢ Individually packaged in a clear sleeve, ready to display
‚Ä¢ Kraft envelope included
‚Ä¢ Blank on the inside
‚Ä¢ High-quality, heavyweight paper
‚Ä¢ Professionally printed in Omaha, NE",Faire,5.00
I Just Really Love You Greeting Card,"Tell your husband, wife, boyfriend or girlfriend just how much you love them with the I Just Really Love You card. Perfect for Valentine's Day, a wedding anniversary or just because. The earthy terra cotta color is perfect for any recipient. A sweet and meaningful love card.
‚Ä¢ Size: A2 folded, 4.25 x 5.5 inches
‚Ä¢ Individually packaged in a clear sleeve, ready to display
‚Ä¢ Kraft envelope included
‚Ä¢ Blank on the inside
‚Ä¢ High-quality, heavyweight paper
‚Ä¢ Professionally printed in Omaha, NE",Faire,4.50
I Love Louisiana Sticker,"This sticker is great for any person, family, or friend who loves the state of Louisiana!
Details: 3"" x 2.73"". Printed and shipped with care from the U.S.A. High quality and durable vinyl, indoor and outdoor use. Waterproof and weatherproof. We are partnered with ActiveMinds.Org to help spread mental health awareness.",Faire,variable
I Love Louisiana Sticker,,Faire,3.00
I Love You More Than Tacos Greeting Card (Tan) | Funny Card,"Taco Tuesday, anyone? Whether margaritas and cheese dip are your weekly tradition or you‚Äôre a foodie, saying I love you more than tacos is a pretty big statement. We think this funny love card is best accompanied by a gift card to your favorite Mexican restaurant. A great anniversary card for your boyfriend or girlfriend.

‚Ä¢ Size: A2 folded, 4.25 x 5.5 inches
‚Ä¢ Individually packaged in a clear sleeve, ready to display
‚Ä¢ Kraft envelope included
‚Ä¢ Blank on the inside
‚Ä¢ High-quality, heavyweight paper
‚Ä¢ Professionally printed in Omaha, NE",Faire,5.00
I‚Äôd hike that mug,,Faire,12.00
Iced Coffee To Go Cup Aesthetic Sticker,"This aesthetic sticker will surely add character to your phone, laptop, water bottle, and much more!
Details:
‚Ä¢1.98 x 3 inches
‚Ä¢ Printed and shipped with care from the U.S.A.
‚Ä¢ High quality and durable vinyl, indoor and outdoor use
‚Ä¢ Waterproof and weatherproof We are partnered with ActiveMinds.Org to help spread mental health awareness.",Faire,variable
Iced Coffee To Go Cup Aesthetic Sticker,,Faire,3.00
It's Better In Louisiana Candle,"Louisiana State Candle
Scent Profile:
Top: Amber.
Middle: Vanilla
Base: Sandalwood
Burn Time: 50 - 60 hours.

About our Candle:
8.oz Clear Glass Jar
White Metal Lid
Vegan & Non-Toxic
100% American Grown Soy Wax
100% Cotton Core Wick",Faire,variable
It's Better In Louisiana Candle,,Faire,23.75
Joy is on the Horizon Sticker,"‚Ä¢ Size: 3.11"" x 4""
‚Ä¢ Durable weatherproof vinyl sticker",Faire,4.00
"Keep Going, Keep Growing Floral Sticker","‚òÅÔ∏è Ready to ship
‚òÅÔ∏è Approximately 3 x 2.75 in, scratch resistant, glossy
‚òÅÔ∏è Peel here tab
‚òÅÔ∏è Laminated Glossy Vinyl Sticker
‚òÅÔ∏è Individually Packaged
‚òÅÔ∏è Durable vinyl, perfect for indoor use, ideal for flat surfaces
‚òÅÔ∏è Water Resistant
‚òÅÔ∏è Don't forget to clean the surface before applying the sticker
Stickers will ship separately from mugs",Faire,4.00
Kettle Cooked Chile Lime Peanuts¬†4.5 oz.,"Jumbo blanched runner peanuts are coated generously with flavorful chili spices with a hint of lime to create a mild and tangy snack. Roasted to perfection and packed with flavor, these kettle cooked peanuts deliver the right amount of crunchiness. Perfect for Taco Tuesday celebrations paired with a margarita!

Shelf life: 6 months
Ingredients: Peanuts, Chile Lime Seasoning (Dried Chiles, Salt, Lime Juice Powder [Maltodextrin, Lime Juice Solids], Citric Acid, Cellulose, Paprika, Spices, Garlic), Salt, De Arbol Chile Powder, Peanut Oil.",Faire,2.38
Latte Coffee Aesthetic Sticker,"This aesthetic sticker will surely add character to your phone, laptop, water bottle, and much more!
Details:
‚Ä¢3 x 2.17 inches
‚Ä¢ Printed and shipped with care from the U.S.A.
‚Ä¢ High quality and durable vinyl, indoor and outdoor use
‚Ä¢ Waterproof and weatherproof We are partnered with ActiveMinds.Org to help spread mental health awareness.",Faire,3.00
Leaf Thank You Foil Greeting Card,"‚Ä¢ Size: A2 folded, 4.25 x 5.5 inches
‚Ä¢ Individually packaged in a clear sleeve, ready to display
‚Ä¢ Kraft envelope included
‚Ä¢ Blank on the inside
‚Ä¢ High-quality, heavyweight paper",Faire,6.00
Live Life in Full Bloom Spring Vinyl Floral Sticker,"Live Life in Full Bloom Spring Vinyl Floral Sticker
‚òÅÔ∏è Ready to ship
‚òÅÔ∏è Approximately 2.5x3.5
‚òÅÔ∏è Glossy Vinyl Sticker
‚òÅÔ∏è Individually Packaged
‚òÅÔ∏è Durable vinyl, perfect for indoor use, ideal for flat surfaces
‚òÅÔ∏è Not made for a dishwasher or microwave
‚òÅÔ∏è Don't forget to clean the surface before applying the sticker
‚òÅÔ∏è Designed and Printed in Illinois
Stickers will ship separately from mugs",Faire,4.00
Love your stupid face card,,Faire,4.50
Loving Mom,"Greeting: ""Mom, Thanks for Loving Me Even When I Make it Difficult"" (Blank Inside)
Printing: Rose Gold
Card size: 5.5"" x 4.25"", Folded
Paper: thick colored stock with coordinating A2 envelope",Faire,5.50
Mason Jar Sweet Sours 13oz,"Sweet Sours Assorted flavors
13oz
6/case",Faire,8.90
Merry and Bright Christmas Greeting Card,"Wish your friends and family the merriest and brightest days with this rustic 'Merry and Bright' Christmas card.

""‚Ä¢ Size: A2 folded, 4.25 x 5.5 inches
‚Ä¢ Individually packaged in a clear sleeve, ready to display
‚Ä¢ Kraft envelope included
‚Ä¢ Blank on the inside
‚Ä¢ High-quality, heavyweight paper
‚Ä¢ Professionally printed in Omaha, NE""",Faire,5.00
Merry Christmas Card - BOX SET of 5,"‚Ä¢ Blank on the inside, ready for your personal message
‚Ä¢ Kraft envelope included
‚Ä¢ Size: A2, 4.25 x 5.5 inches
‚Ä¢ Sturdy, high-quality paper
‚Ä¢ Individually packaged in a cello sleeve
‚Ä¢ Professionally printed in Omaha, NE",Faire,18.00
Merry Christmas Greeting Card,"‚Ä¢ Size: A2 folded, 4.25 x 5.5 inches
‚Ä¢ Individually packaged in a clear sleeve, ready to display
‚Ä¢ Kraft envelope included
‚Ä¢ Blank on the inside
‚Ä¢ High-quality, heavyweight paper
‚Ä¢ Professionally printed in Omaha, NE",Faire,5.00
Merry Little Christmas Greeting Card,"‚Ä¢ Size: A2 folded, 4.25 x 5.5 inches
‚Ä¢ Individually packaged in a clear sleeve, ready to display
‚Ä¢ Kraft envelope included
‚Ä¢ Blank on the inside
‚Ä¢ High-quality, heavyweight paper
‚Ä¢ Professionally printed in Omaha, NE",Faire,5.00
Midnight Snack Milk Chocolate Candy Bar 2.25oz,"Pretzels, cookies, brittle, marshmallow and cereal‚Äîthis Hammond's Chocolate Bar has it all. It is the ultimate midnight snack!
Size. 2.25 oz.",Faire,3.64
Mother Like No Other,"Greeting: ""You're A Mother Like No Other"" (Blank Inside)
Printing: Gilded Gold Foil
Card size: 5.5"" x 4.25"", Folded
Paper: thick colored stock with coordinating A2 envelope",Faire,6.00
Mountains with Sunglasses Hiking & Camping  Sticker,"This sticker is a perfect aesthetic to represent nature! Great for laptops, water bottles, and much more!
Details: 3.5 x 1.55 inches
Printed and shipped with care from the U.S.A.
High quality and durable vinyl, indoor and outdoor use
Waterproof and weatherproof
We are partnered with ActiveMinds.Org to help spread mental health awareness.",Faire,3.00
Natural Caramel Chocolate Popcorn,"Satisfy your popcorn cravings and your sweet tooth with Caramel Chocolate Popcorn. Scrumptious!
Size. 6 oz.",Faire,5.84
Natural Caramel Corn Popcorn,"Hammond's crave-worthy Caramel Corn is popped to perfection! One bag is never enough.
Size. 6 oz.",Faire,5.84
Natural Sea Side Caramel Milk Chocolate Candy Bar  2.25oz,"Creamy, salty caramel and sweet milk chocolate are the flavor heroes in this yummy Hammond's Chocolate Bar.
Size. 2.25 oz.",Faire,3.64
Need Coffee Sticker - Cup,"Details:
3"" x 2.71"".
Water and weather resistant.
High quality and durable.",Faire,variable
Need Coffee Sticker - Cup,,Faire,3.00
Oh Happy Day Card,,Faire,4.50
Olivia Ceramic Owl Mug,"This sweet, wise owl mug is sure to bring a smile to your face over morning coffee or a bedtime cup of tea. The dimensional design gives this mug a pleasant tactile effect, while the ergonomic handle makes it comfortable to hold.


Quantity: 1 mug

Materials: Ceramic with gold accents

Capacity: 16 oz. 

Details: 3D details, cute ‚ÄúLife‚Äôs a hoot‚Äù message inside

Care: Hand wash, do not microwave


Pinky Up tea is all about making loose leaf tea brewing easy and fun for everyone. With delicious dessert-inspired loose leaf teas, tea infuser mugs, cute teapots, electric kettles, tea strainers, and everything a tea-lover could dream of, our products are perfect for tea parties or brewing on the go. Complete with cute packaging, Pinky Up tea and teaware makes a beautiful gift or charming addition to any home.",Faire,17.50
One Hot Mama Card,,Faire,4.50
Peanut Butter Cup Dark Chocolate Candy Bar  2.25ozs,"Give in to the tempting combination of peanut butter and chocolate! This gourmet candy bar features decadent dark chocolate with tasty bits of peanut butter.
Size. 2.25 oz.",Faire,3.64
Pelican State Louisiana Sticker,"Pelican State Louisiana Sticker. Great to decorate water bottles, laptops, phone cases, coolers, car windows, journals, notebooks, planners, bikes, skateboards, kayaks, and more.
High quality and durable vinyl, indoor and outdoor use.
Waterproof and weatherproof.
We are partnered with ActiveMinds.Org to help spread mental health awareness.
Design: Anna Alsup.
Instagram:¬†@anna_alsup
3 x 3 inches.",Faire,variable
Pelican State Louisiana Sticker,,Faire,3.00
Penny Ceramic Puppy Mug,"With cute floppy ears and gold spots, our Penny Ceramic Puppy Mug is a must-have for tea-sipping dog-lovers. This adorable mug will brighten your day with a white ceramic exterior, pink interior, and metallic gold spots and accents. For an extra little treat, the bottom of the inside of the mug says ""love"" in cute lettering.


Capacity: Holds 16 oz.

Material: Ceramic with  metallic gold finish

Care: Hand wash recommended


 
Pinky Up tea is all about making loose leaf tea brewing easy and fun for everyone. With delicious dessert-inspired loose leaf teas, tea infuser mugs, cute teapots, electric kettles, tea strainers, and everything a tea-lover could dream of, our products are perfect for tea parties or brewing on the go. Complete with cute packaging, Pinky Up tea and teaware makes a beautiful gift or charming addition to any home.",Faire,17.50
Phone Mom,"Greeting: ""Thanks for Always Picking Up the Phone Mom"" (Blank Inside)
Printing: Pink Matte Foil
Card size: 5.5"" x 4.25"", Folded
Paper: thick colored stock with coordinating A2 envelope",Faire,6.00
Pigs N' Taters Milk Chocolate Candy Bar 2.25oz,"Deliciously sweet and salty! This yummy Pigs N' Taters Chocolate Bar combines a delicious mix of bacon, potato chips and milk chocolate.
Size. 2.25 oz.",Faire,3.64
Piper‚Ñ¢ Gold Press Pot by Pinky Up¬Æ,"French style and press! This 34 oz. gold french press has a gold-plated stainless steel frame to serve the hottest drinks while staying cool to the touch. 

34 oz. capacity gold finish. Holds 34 oz. Borosilicate glass and gold finish. Brews tea and coffee within minutes.
Pinky Up tea is all about making loose leaf tea brewing easy and fun for everyone. With delicious dessert-inspired loose leaf teas, tea infuser mugs, cute teapots, electric kettles, tea strainers, and everything a tea-lover could dream of, our products are perfect for tea parties or brewing on the go. Complete with cute packaging, Pinky Up tea and teaware makes a beautiful gift or charming addition to any home.",Faire,26.50
Plantain Chips,,Faire,2.65
Pothead Coffee Sticker,"Details: 2.62"" x 3"".
Water and weather resistant.
High quality and durable.

High-quality vinyl stickers - Our stickers are perfect as water bottle stickers, skateboard stickers, laptop stickers and more.",Faire,3.00
Refresh Glass Bottle,,Faire,19.99
RX A.M. Oats Apple Cinnamon Oat Cups,"Our gluten-free Apple Cinnamon oatmeal cups are made with real, simple ingredients like crisp apples, sliced almonds, egg whites for protein, and cinnamon spices. Finally, quick and easy breakfast on the go is a meal you don‚Äôt want to miss. Ready in minutes with hot water or a microwave, or you can fill it and chill it to make overnight oats.
2.18 oz
12 cups",Faire,3.49
RX A.M. Oats Maple Oat Cups,"Our gluten-free Maple oatmeal cups are made with real, simple ingredients like egg whites for protein, sliced almonds, and a pinch of natural maple sugar. Quick and easy breakfast on the go is finally worth waking up for. Ready in minutes with hot water or a microwave, or you can fill it and chill it to make overnight oats.
2.18 oz
12 cups",Faire,3.49
RXBAR Blueberry Protein Bar,"Picking the perfect protein snack just got a whole lot easier. Made with blueberries and real food ingredients‚Äìegg whites for protein, dates to bind, and nuts for texture. This real food protein bar is the perfect breakfast time (or anytime) energy boost you need.",Faire,2.99
RXBAR Chocolate Chip Protein Bar,"These chocolate chip protein bars are made with rich 100% chocolate and a few other real food ingredients - egg whites for protein, dates to bind, and nuts for texture. This gluten-free, guilt-free protein bar is the perfect wholesome snack for a healthy lifestyle.
1.83 oz.
12 count.",Faire,2.99
RXBAR Chocolate Sea Salt Protein Bar,"We made a brownie without the guilt‚Äìor gluten. Packed with 100% chocolate, a sprinkle of sea salt, and a few real food ingredients‚Äìegg whites for protein, dates to bind, and nuts for texture. This decadent wholesome protein bar is truly one of a kind.
1.83 oz.
12 count.",Faire,2.99
RXBAR Peanut Butter Protein Bar,"We turned your post-workout snack into a bar and packed it with protein. Made with real food‚Äì‚Äìegg whites for protein, dates to bind and nuts for texture. Our gluten-free high protein bar is sure to pack a peanut buttery punch.
1.83 oz.
12 count.",Faire,2.99
RXBAR Strawberry Protein Bar,"We all love strawberries; drizzled on cheesecake or thrown into your favorite smoothie recipe. But what about in a 12g protein bar paired with a few other simple ingredients? Egg whites for protein, dates to bind and nuts for texture. Strawberry goodness you know you and love ‚Äì all packed into a portable protein bar that matches your active lifestyle. Simple ingredients, No B.S",Faire,2.33
So Glad You're Mine Happy Valentine's Day Greeting Card,"‚Ä¢ Size: A2 folded, 4.25 x 5.5 inches
‚Ä¢ Individually packaged in a clear sleeve, ready to display
‚Ä¢ Kraft envelope included
‚Ä¢ Blank on the inside
‚Ä¢ High-quality, heavyweight paper
‚Ä¢ Professionally printed in Omaha, NE",Faire,5.00
Strength Friendship Card,,Faire,4.50
Sweetest Mama Birthday,"Greeting: ""Happy Birthday to the Sweetest Mama"" (Blank Inside)
Printing: Bright Red Foil
Card size: 5.5"" x 4.25"", Folded
Paper: thick colored stock with coordinating A2 envelope",Faire,5.50
Thank you Blobs,"Greeting: ""Thank you!"" (Blank Inside)
Printing: Copper Spectrum Foil
Card size: 5.5"" x 4.25"", Folded
Paper: thick colored stock with coordinating A2 envelope",Faire,5.50
Thanks Mom,"Greeting: ""Thanks for Being My Mom"" (Blank Inside)
Printing: White Foil
Card size: 5.5"" x 4.25"", Folded
Paper: thick colored stock with coordinating A2 envelope",Faire,5.50
Two Pack | Coco Coir Pole for Plant Support (Large),"Ideal plant support for indoor climbing plants and vines while maintaining moisture for aerial roots absorption. Made from natural and biodegradable coconut husk, the pole is safe and sturdy for training climbing plants Monsteras to grow upright. As your plant grow bigger, new poles are easily stacked on top of each other to accommodate the new height.
What is coco coir?
Coco coir is a byproduct of coconut processing leaving behind fibrous coconut husk.  Although the properties are similar to peat moss in terms of weight and texture, however, coco coir is much more environmentally friendly than peat moss with less impact on the ecosystem.
Large Coco Coir Pole:
Measurements: 2in Diameter x 11in height (5in wooden stake height)",Faire,18.94
Two Pack | Coco Coir Pole for Plant Support (Small),"Ideal plant support for indoor climbing plants and vines while maintaining moisture for aerial roots absorption. Made from natural and biodegradable coconut husk, the pole is safe and sturdy for training climbing plants Monsteras to grow upright.
What is coco coir?
Coco coir is a byproduct of coconut processing leaving behind fibrous coconut husk.  Although the properties are similar to peat moss in terms of weight and texture, however, coco coir is much more environmentally friendly than peat moss with less impact on the ecosystem.
Small Coco Coir Pole:
Measurements: 0.75in Diameter x 11in height (3.15in wooden stake height)",Faire,16.46
Valentines Heart Gummies 7oz,"Celebrate Someone you love with these sweet, heart gummies. Great gift for a friend or to treat yourself. Strawberry-Banna and Wild Cherry Flavored. Great for Valentines day and Mother's Day. 12/cs",Faire,7.70
"Vinyl Sticker We're More than Friends, Friends Gift","‚òÅÔ∏è Ready to ship, Scratch & Fade Resistant, Peel Here Tab for easy application
‚òÅÔ∏è Approximately 3 x 3 (3 X 4 inches packaged)
‚òÅÔ∏è  Glossy Vinyl laminate Sticker
‚òÅÔ∏è Individually Packaged in cellophane
‚òÅÔ∏è Durable vinyl, perfect for indoor use
‚òÅÔ∏è Dishwasher Safe up to 3 yrs
‚òÅÔ∏è Don't forget to clean the surface before applying the sticker
‚òÅÔ∏è Designed in Illinois
Set of one has one sticker in package
Set of 3 has 3 stickers in one package. The set of 3 is popular gift for friend groups.
Stickers will ship separately from mugs.",Faire,4.50
Warm Wishes Holiday Card,"Greeting: ""Warm Wishes, And Holiday Kisses"" (Blank Inside).
Printing: Gold Foil.
Card size: 5.5"" x 4.25"", Folded.
Paper: thick colored stock with coordinating A2 envelope.
(Boxed set of 6).",Faire,20.00
Welcome To Opelousas Mug,,Faire,13.99
Where God Guides He Provides Sticker,"‚Ä¢ Size: 3"" sticker
‚Ä¢ Durable weatherproof vinyl sticker",Faire,3.00
Wishing You a Merry Christmas Greeting Card,"‚Ä¢ Size: A2 folded, 4.25 x 5.5 inches
‚Ä¢ Individually packaged in a clear sleeve, ready to display
‚Ä¢ Kraft envelope included
‚Ä¢ Blank on the inside
‚Ä¢ High-quality, heavyweight paper
‚Ä¢ Professionally printed in Omaha, NE",Faire,5.00
You are So Loved Greeting Card | Valentine's Day,"‚Ä¢ Size: A2 folded, 4.25 x 5.5 inches
‚Ä¢ Individually packaged in a clear sleeve, ready to display
‚Ä¢ Kraft envelope included
‚Ä¢ Blank on the inside
‚Ä¢ High-quality, heavyweight paper
‚Ä¢ Professionally printed in Omaha, NE",Faire,5.00
You Are Weird and Wonderful Greeting Card,"The perfect greeting card for your sibling, best friend, or significant other. This card sums them up in a nutshell - all things weird and wonderful. A funny sentiment with some sass makes this a great card for a birthday, anniversary, or anything in between.
‚Ä¢ Size: A2 folded, 4.25 x 5.5 inches
‚Ä¢ Individually packaged in a clear sleeve, ready to display
‚Ä¢ Kraft envelope included
‚Ä¢ Blank on the inside
‚Ä¢ High-quality, heavyweight paper
‚Ä¢ Professionally printed in Omaha, NE",Faire,4.50
You're the Bee's Knees Greeting Card,"A vintage-inspired card for someone who is the bee's knees, this funny friendship card can say thank you, happy birthday, or offer encouragement. Sweet like honey and ready for your handwritten touch on the inside.
‚Ä¢ Size: A2 folded, 4.25 x 5.5 inches
‚Ä¢ Individually packaged in a clear sleeve, ready to display
‚Ä¢ Kraft envelope included
‚Ä¢ Blank on the inside
‚Ä¢ High-quality, heavyweight paper
‚Ä¢ Professionally printed in Omaha, NE",Faire,4.50
You‚Äôre the worst card,,Faire,4.50
Autumn Squash Soup,10oz soup,Food,3.97
Bagel,,Food,1.85
Banana Nut Muffin,,Food,2.95
Berry Parfait,,Food,3.95
Blueberry Banana Mix,,Food,3.15
Blueberry Cheese Cake Muffins,,Food,4.10
Blueberry fig bar,,Food,0.98
Blueberry Muffins,,Food,2.95
Brownie,,Food,2.25
Chocolate Muffin,,Food,3.95
Christmas Cookie,,Food,1.00
Coffee Cake Muffin,,Food,2.35
Cookie,,Food,1.85
Jalapeno Sausage Bread,,Food,4.10
Kettle Chips,,Food,1.40
King cake,,Food,2.75
Pumpkin cheesecake stuffed croissant,,Food,3.72
Raspberry fig bar,,Food,0.98
Sandwich,,Food,4.85
Sandwich [half],,Food,2.55
Sandwich/8oz Soup Combo,,Food,8.89
Scone,,Food,2.75
Soup (bowl),,Food,6.25
Soup (cup),,Food,4.25
Southwest Salad,,Food,4.56
Stuffed Croissant,,Food,4.25
Sweet Kale Salad,,Food,4.56
Vegan Breakfast Sandwich,,Food,5.45
Wraps,,Food,7.55
Americano,,Hot Drinks,2.67
Americano,,Hot Drinks,3.17
Americano,,Hot Drinks,3.67
Cafe au Lait,,Hot Drinks,2.35
Cafe au Lait,,Hot Drinks,2.85
Cafe au Lait,,Hot Drinks,3.35
Cappuccino,,Hot Drinks,3.17
Cappuccino,,Hot Drinks,3.67
Cappuccino,,Hot Drinks,4.17
Chai Latte,,Hot Drinks,3.47
Chai Latte,,Hot Drinks,3.97
Chai Latte,,Hot Drinks,4.47
Double Shot Espresso,,Hot Drinks,2.49
Drip Coffee,,Hot Drinks,2.47
Drip Coffee,,Hot Drinks,2.97
Drip Coffee,,Hot Drinks,3.47
Full Carafe Drip,,Hot Drinks,25.00
Gelato,,Hot Drinks,3.25
Gelato,,Hot Drinks,3.80
Gelato,,Hot Drinks,4.35
Holiday Drip Coffee,,Hot Drinks,2.48
Holiday Drip Coffee,,Hot Drinks,3.00
Holiday Drip Coffee,,Hot Drinks,3.51
Hot Chocolate,,Hot Drinks,2.42
Hot Chocolate,,Hot Drinks,2.92
Hot Chocolate,,Hot Drinks,3.42
Latte,,Hot Drinks,3.27
Latte,,Hot Drinks,3.67
Latte,,Hot Drinks,4.47
Macchiato,,Hot Drinks,3.40
Macchiato,,Hot Drinks,3.90
Macchiato,,Hot Drinks,4.40
Mocha,,Hot Drinks,3.49
Mocha,,Hot Drinks,3.99
Mocha,,Hot Drinks,4.49
RedEye,,Hot Drinks,4.24
Single Shot Espresso,,Hot Drinks,1.79
Steamer,,Hot Drinks,2.15
Steamer,,Hot Drinks,3.95
Steamer,,Hot Drinks,3.15
Tea,,Hot Drinks,2.15
Tea,,Hot Drinks,2.65
Tea,,Hot Drinks,3.15
Triple Shot Espresso,,Hot Drinks,2.95
20 oz RTIC Tumbler - White,"RTIC stainless steel drinkware is double wall Vacuum insulated. Keeps your drinks ice cold longer - works great for hot beverages. The included all-new Shaded splash proof lid lets you know exactly how much drink you have. The Flip-Top closure resists spills and is straw friendly. Easy to clean.
Keeps ice Longer - holds ice for up to 24 hours
Keeps it hot - works great for hot beverages
18/8 stainless steel - strong stainless steel construction
Narrow and tall design. Easy grip base. No sweat exterior",Merchandise,19.95
Create Mug,,Merchandise,16.99
Face Masks,,Merchandise,1.00
Going to be good mug,,Merchandise,12.00
Holiday Mug,,Merchandise,10.00
Hug In A Mug,,Merchandise,12.99
Hustle Mug,,Merchandise,16.99
Java Square Mug,"Handcrafted ‚Äî 14 oz; 4.25‚Ä≥h. Dishwasher, microwave and oven safe. 100% lead-free. FDA and California Proposition 65 compliant. Ounces may vary. The Java Square mug is shown in frothy brown glaze. Due to the nature of our process, styles and glazes will vary a little.",Merchandise,21.99
Less Monday Mug,,Merchandise,12.99
Life Happens Mug,,Merchandise,12.99
Life Is short,,Merchandise,12.99
Mask love,,Merchandise,4.25
Gumbo,,Seasonal,4.75
Pumpkin Bread,,Seasonal,2.90
Pumpkin Yaya Muffins,,Seasonal,2.85
1/2 Sandwich & Soup Combo,,,6.45